"uuid","a1_metadata","a2_metadata","Invalid combination between C9_DisplacementStatus (short term mouvement intentions) & C10_DisplacmentStatus (long term mouvement intentions)","Invalid combination between F11_WASH (type of water source) and F13_WASH (time needed to collect water)","Invalid combination between L5_HummAssist (reason for dissatisfaction with aid), L6_HummAssist (satisfaction with humanitarian workers) and L7_HummAssist (knowledge that assistance should be free)","Invalid combination E5_ShelterNFICCCM (shelter with no damage) and E14_ShelterNFICCCM (Shelter fully destroyed)","Invalid combination E5_ShelterNFICCCM (shelter with no damage) and E14_ShelterNFICCCM (Shelter partially damaged)","Invalid combination E5_ShelterNFICCCM (shelter with no damage) and E14_ShelterNFICCCM (Shelter minor damage)"
"68dcb902-6a02-4b414e-b2b7b1-b8e5410c79f6","a1_3","YE16",0,0,0,1,0,0
"edc6145a-c148-4a4549-a3aaa6-b415329efa0c","a1_3","YE24",0,0,0,0,0,0
"d82febc1-a286-4f4941-909591-5018ade62fb3","a1_2","YE30",0,0,0,0,0,0
"47f1eac2-b97e-4b4746-bdbab4-b8c16f207ea3","a1_3","YE30",0,0,0,0,0,0
"ca4519d8-4381-47454e-959391-8e5196c4a0bd","a1_4","YE24",0,0,0,0,0,0
"ab94d20c-1f87-4f4b4a-848d89-8afde417c3b2","a1_3","YE14",0,0,0,0,0,0
"8ad71b26-18c3-4e4943-81828a-27ba3f9845e0","a1_2","YE11",0,0,0,0,0,0
"b1e46f2a-a852-464a48-828e8a-b4129830df5e","a1_1","YE19",1,0,0,0,0,0
"8a7539bc-5db2-454443-a0aba3-5fbe867a4109","a1_1","YE20",0,1,0,0,0,0
"789ba26f-3520-414842-b7b0bc-a4638d19f0e5","a1_3","YE19",0,0,0,0,0,0
"a4d603be-8c3b-4a4e4d-80818f-26ec54b3a107","a1_1","YE18",0,1,0,0,0,0
"801bcead-cade-454f4e-8f8687-78109524fe36","a1_1","YE12",0,0,0,0,0,0
"d6c742f3-269a-4a4645-88828f-54dac0be6283","a1_5","YE14",0,0,0,0,0,0
"8c2037e9-1e0f-444348-b2beb8-e6bc294f85a1","a1_1","YE28",0,0,0,0,0,0
"97cb5062-05d2-4a4649-a2a7ad-8137d4efb9c0","a1_2","YE11",0,0,0,0,0,0
"bfd5ae76-5209-404248-b4b8b1-d763ec845290","a1_2","YE25",0,0,0,1,0,0
"4c528ef9-cb86-434842-858781-40e9712adf56","a1_1","YE23",1,1,0,0,0,0
"a14c95f0-4ab6-434e4a-afa6a7-fc97d12504b8","a1_5","YE24",0,0,0,0,0,0
"07ca4fe9-6a9c-48464f-81828f-27e4b1a9d653","a1_1","YE17",0,0,0,0,0,0
"d2f70689-1759-41464e-969e9b-342a9d7b058e","a1_4","YE30",0,0,0,0,0,0
"5796b30f-275f-4b4542-9e9694-ed690ba3541c","a1_1","YE14",0,0,0,0,0,1
"f6ae07b3-e176-494746-8a8d8b-adc6b802f951","a1_2","YE27",0,0,0,0,0,0
"72458da1-13f7-444b4d-babdb3-9f6d2c145abe","a1_5","YE15",0,0,0,0,0,0
"1583e4d2-e5a0-42414f-a3a8a5-fd7c2e38406b","a1_1","YE17",0,0,0,0,0,0
"1ad08be7-b457-434b4c-a1acab-4dc76fa820b9","a1_1","YE26",1,0,0,0,0,0
"4bfc86de-14ad-444f41-bbb6b9-a0cb67f324e1","a1_5","YE19",0,0,0,0,0,0
"3d0f85ca-c289-40484f-aeada0-08e7abc2f541","a1_2","YE24",0,0,0,0,0,0
"dab4fe85-a5d1-4b4241-8e848c-e54a7b21603f","a1_2","YE30",0,0,0,0,0,0
"c7d86f20-8259-4d4344-89838a-41fb902856ca","a1_2","YE23",0,0,0,0,0,0
"9ca1360f-472f-42404d-a1a2a6-b0c62d9a7e84","a1_2","YE28",0,0,0,0,0,0
"6a70d9c2-0dc7-4e4548-818784-c8e3b091a52f","a1_3","YE14",0,0,0,1,0,0
"07e3429c-a064-484a4b-aca0af-1947b28603ef","a1_4","YE21",0,0,0,0,0,0
"3810fd95-fd3a-4e4c47-adaea0-e96fcb4d257a","a1_2","YE20",0,0,0,0,0,1
"2871ef90-2eb7-4a4443-828587-481cf2739b5d","a1_3","YE30",0,0,0,1,0,0
"5d71862f-eb75-424b4d-808a8b-1c0df679548a","a1_2","YE17",0,0,0,0,0,0
"b0419ad6-694e-434a47-8f8b8e-32456d7e0bc1","a1_2","YE31",0,0,0,0,0,0
"2c19504d-0ed6-48414d-939b97-82ea7b910dfc","a1_1","YE19",0,0,0,0,0,0
"1b5d2ae7-3f74-424449-858a84-2b8140536c7a","a1_2","YE18",0,0,0,0,0,0
"f7504dec-81f7-4e4243-abaeaa-7a315948b2fc","a1_2","YE11",0,0,0,0,0,1
"165dcb9f-36c9-424740-999097-b10d67458923","a1_5","YE20",0,0,0,0,0,0
"054b6d82-6571-494844-b2bab7-1306b947edc8","a1_3","YE18",0,0,0,0,0,0
"702b93d1-9f8e-474348-878882-5c0e43a71926","a1_1","YE30",0,0,0,0,0,0
"4c5be6af-e6fb-424f41-acada7-afcb07d8e462","a1_2","YE22",0,0,0,0,0,0
"a38e2fc7-754a-4a424e-959b9c-2db0145a6ec3","a1_2","YE15",0,0,0,0,1,0
"f826b04a-0b29-43424b-b7beba-7b892e453af1","a1_3","YE26",0,0,0,0,0,0
"381426c9-f9ec-464749-9b979e-d4eb861f2930","a1_2","YE20",0,0,0,0,0,0
"1a25b7dc-c85a-484c4f-b8b3bf-d4ebc327560a","a1_4","YE23",0,0,0,0,0,0
"a258cfb4-2017-484046-b2b8b9-7c8d2946fb01","a1_5","YE24",0,0,0,0,0,0
"fca05b78-4a5d-404547-90959a-f49d27c56ab3","a1_2","YE14",0,0,0,0,0,1
"6c3f9a08-4c82-444047-b0bcb1-e74905baf1c8","a1_1","YE32",0,0,0,0,0,0
"1fa5094b-1467-41494e-a2a8a9-f21d974358ce","a1_3","YE21",1,0,0,0,0,0
"cd8ae059-eb16-4c404a-a3a8af-ac0d16e938b5","a1_1","YE23",0,0,0,0,0,0
"6453a892-1bac-4b4a4d-bcb7b6-3d8126c5afb0","a1_3","YE26",0,0,0,0,0,0
"8d623fa1-db45-454448-a5a6ac-5fab6e2347d0","a1_2","YE13",0,0,0,0,0,0
"1d6bcf54-457c-464745-828e83-863bf49dac27","a1_2","YE22",0,0,0,0,0,0
"39eba217-c32e-4f424c-8b8485-867cf92bd34a","a1_2","YE20",0,1,0,0,0,0
"f0c79b2e-17fa-414246-a9a4aa-37e6c8154b9f","a1_5","YE22",0,0,0,0,0,0
"a1049583-f90d-42404f-8d8981-0fa6241c573d","a1_3","YE12",0,0,0,0,0,0
"3a5fe8c2-a173-49484a-a0a4ac-6a9f483dcb21","a1_3","YE14",0,0,0,0,0,0
"2bd5e1a6-f0ae-4d4b45-a1afae-045f216a8c93","a1_4","YE12",0,0,0,0,0,0
"c5948a36-0d41-454441-b4bbb5-a074b82ec96f","a1_5","YE24",1,0,0,0,0,0
"87a2b6fe-d1e8-47464e-999f98-3bd19a7426c5","a1_5","YE25",0,0,0,0,0,0
"e9370d4a-8d94-494b44-999390-8dab0935f762","a1_4","YE25",1,0,0,0,0,0
"80c1b26f-b702-4b4e43-83878d-bd7963120ec4","a1_4","YE23",1,0,0,0,0,0
"0d354b79-29a1-4c4e48-b0beb6-a9c64f2d0753","a1_4","YE13",0,0,0,0,0,0
"7243d01b-d690-4b404e-888e89-19d2a743bc68","a1_3","YE24",1,0,0,0,0,0
"f7523cd1-53ef-4a4941-8a8e8c-70825b964a3e","a1_3","YE29",0,0,0,0,0,0
"b8a956c1-9168-474c49-b1bfbc-95db76084af2","a1_3","YE32",0,0,0,0,0,0
"d261e059-c3ab-434b4d-8d8f80-1a674dcef82b","a1_4","YE24",0,0,0,0,0,0
"c03615ae-7f5c-494441-babdbf-3c7b801f6425","a1_4","YE23",0,0,0,0,0,0
"3a1586b2-7c61-4a4e4d-b6bbb7-342dc687e10f","a1_4","YE14",0,1,0,0,0,0
"5149d7e3-fa57-45494c-9e929d-6817d4cb293f","a1_1","YE23",0,0,0,0,0,0
"16c9be57-42a1-4b494e-84838a-c1076b38d2fa","a1_2","YE17",0,0,0,0,0,0
"b2ca45e9-d534-4e4249-989b92-34169dae20c7","a1_1","YE27",0,0,0,0,0,0
"8ed2354b-475f-434744-a2a5a1-a7bd158246fc","a1_1","YE20",0,0,0,0,0,0
"be12a3dc-30c9-42414b-8a8e83-4ca6d3e5901b","a1_1","YE32",0,0,0,0,0,0
"afeb5306-6798-4d4145-aaa0a6-e061f8c52b43","a1_2","YE16",0,0,0,0,0,1
"5c08d4e7-8a1b-434446-898e85-537906dab4ec","a1_5","YE15",0,0,0,0,0,0
"bce58793-86ac-404441-858084-d0b1697a45f2","a1_3","YE32",1,0,0,0,0,0
"fd451037-d365-4f4441-96989e-3b84ec7d6fa0","a1_1","YE15",0,0,0,0,0,0
"9fe7d06c-8bd1-4b444f-868184-b169e325d8c0","a1_1","YE22",0,0,0,0,0,0
"d20791ce-015f-4a434c-9c969d-ce6a45072d39","a1_2","YE31",1,0,0,0,0,0
"80ea4653-de0c-4e4847-b2b8b1-ca4df68b0e73","a1_2","YE11",0,0,0,0,1,0
"7f84db9a-5f0d-404449-b2b7b1-b57e3fcda420","a1_4","YE19",0,0,0,0,0,0
"89f5cae4-fc58-414d42-bdb3ba-a436b891cfed","a1_3","YE14",0,0,0,0,0,0
"5047f8c2-c7af-4c4248-bebab1-f9a8b365e407","a1_1","YE12",0,0,0,0,0,0
"d8b51fa6-3ab7-40424e-a4ada1-837ebf5d9c64","a1_2","YE29",0,1,0,0,0,0
"6d28a90c-2981-4a494e-a4a2a1-73b8a514d29c","a1_4","YE30",1,0,0,0,0,0
"17986f2b-8f50-474348-beb2b6-90a1358ef76b","a1_1","YE19",0,0,0,0,0,0
"a508b2c3-68af-4a4f48-b7b3b2-0ecd2749f1b3","a1_5","YE15",0,0,0,0,0,0
"5c378a1b-3f71-4c4e48-898c8a-53840df6a1be","a1_1","YE13",0,1,0,0,0,0
"6a5970f1-2f50-4b4f42-b6b2b8-52689ba3df14","a1_3","YE13",1,0,0,0,0,0
"d7f534e0-c196-4d4441-8d8381-13b749ce0586","a1_3","YE22",0,0,0,0,0,0
"cb879f62-5a16-4b464c-a8a2af-61ce092f74bd","a1_3","YE12",0,0,0,0,0,0
"90b43fd5-7d98-444c49-9f9392-96d21f5748ba","a1_4","YE26",0,0,0,0,0,0
"d79f06ac-2087-434e49-969d9a-2cfaed571360","a1_3","YE20",1,0,0,0,0,0
"9c57062a-d64b-46424c-babfbb-24c70d3186f9","a1_4","YE28",0,0,0,0,0,0
"c2084bea-9605-4a4449-b4babb-2c1be5709d43","a1_2","YE23",0,0,0,0,0,0
"70658ca2-90fb-4f4043-b5babd-1ba7f046c3e2","a1_4","YE28",1,1,0,0,0,0
"fad7429b-cfd0-4f4144-888683-90c261ba74fd","a1_2","YE24",0,0,0,0,0,0
"10b234ad-57f6-434644-a0a3a9-5ba971684fc0","a1_1","YE29",1,0,0,0,0,0
"d268c039-4e07-4e444b-aea2a9-de3571c98b42","a1_2","YE22",0,0,0,0,0,0
"caeb53d4-23c9-4f4847-9e9c9b-8d91f03be2a4","a1_2","YE24",0,0,0,0,0,0
"2bfe36ac-d3ef-4a4845-b1bcb7-d7eb23a69845","a1_2","YE17",0,0,0,0,0,0
"93a6bc1f-adbe-4c4648-878386-156d2fe90b78","a1_3","YE28",0,0,0,0,0,0
"1d7c5a29-6152-444e41-bab4b7-0d45637b21e9","a1_1","YE25",0,1,0,0,1,0
"457f38da-dbfa-484e4a-a4a8ab-56297bfe0ac1","a1_2","YE31",0,0,0,0,0,0
"609cefd5-6851-4b4a47-b5b0bd-87b3ae9c065f","a1_4","YE11",0,0,0,0,0,0
"d3bfa869-3796-404142-a2a9a6-d087c6142f59","a1_1","YE24",1,0,0,0,0,0
"e7096c85-203f-4f4342-bbb3bf-7a8fe3c9db56","a1_4","YE21",0,0,0,0,0,0
"96c48f1e-c38e-444a45-b0babb-1fa0896235ec","a1_3","YE16",0,0,0,0,0,0
"103957ea-ea19-454044-b3bbb1-14d86cb5307e","a1_1","YE19",0,0,0,0,0,0
"36f281ba-e271-404b45-8f848d-32af9c5417b8","a1_5","YE24",0,0,0,0,0,0
"d85701e2-375c-4d414c-828589-19654dafec30","a1_1","YE22",0,0,0,0,0,0
"38cf2d4e-7cb2-464d40-868f82-d4cf0ab32158","a1_2","YE20",0,0,0,0,0,0
"b2107ea9-3df4-424940-b8b0ba-3c21fe59d867","a1_1","YE29",0,0,0,0,0,0
"b6f831cd-8537-41404f-b9bbba-3d45891c72e0","a1_2","YE12",0,0,0,0,0,0
"f72ea14b-91df-484744-8f848d-4bc2091a5876","a1_3","YE16",0,0,0,0,0,0
"369248fb-9d1a-40414b-9c969e-d0987153f62b","a1_2","YE30",0,0,0,0,0,0
"8e91b426-8da6-40494c-999396-1275bc3609e8","a1_4","YE19",0,0,0,0,0,0
"c9238ef4-06e7-444d4b-b7bcb9-398cd2a0741f","a1_2","YE12",0,0,0,0,0,0
"fe75b8a4-f30c-4d4b4e-a0aea5-f75e0cd3b891","a1_4","YE14",0,0,0,0,0,0
"c9f40a8d-40d6-474d45-a8a9a3-fe5dc7690b42","a1_2","YE30",0,0,0,0,0,0
"758a42f6-c865-40474a-adafac-f17934a506b8","a1_1","YE20",0,0,0,0,0,0
"b92cf8a0-1fe3-41404a-aba1ae-ea9c08fb671d","a1_4","YE20",0,0,0,0,0,0
"16047a52-e34d-404c4d-81898c-6f43e2abc859","a1_5","YE22",0,0,0,0,0,0
"58f3dca1-d643-424644-aea9a4-7ec26f43bd08","a1_1","YE25",1,0,0,0,0,0
"9c4e7f5a-972a-484e47-82848a-3c25709814fe","a1_4","YE28",0,0,0,0,0,0
"1920ef5c-d85a-454d49-a9a2a0-6f3e821c79d0","a1_2","YE19",1,1,0,0,0,0
"3e4908fa-2981-46444c-8f8d83-a159c6f4372e","a1_5","YE22",0,0,0,0,0,0
"05e469f2-7501-40484c-a9a5a2-839cfbd45ea0","a1_1","YE26",0,0,0,0,0,0
"1985df37-d9c3-444d40-929896-af127d4cbe60","a1_5","YE24",0,0,0,0,0,0
"703f5ac8-2c45-48404a-b2b4b6-65eb398ac710","a1_3","YE25",1,0,0,0,0,0
"18e463b0-a72b-4b4a41-a9a4a5-284309ce5daf","a1_3","YE24",0,0,0,0,0,0
"acf47be2-8347-424c47-aeaca7-0de46b7953f2","a1_5","YE15",0,0,0,0,0,0
"871f30bd-9510-4f4544-919d93-db103a246ce9","a1_5","YE24",1,0,0,1,0,0
"eb125307-b15a-484b44-838784-0382fc5b1a67","a1_2","YE11",0,0,0,0,0,0
"dac3b568-9d30-40494e-949296-fdc143e96b80","a1_1","YE19",0,0,0,0,0,0
"541f602d-73e0-434e4c-a0adab-ec83b4a7f15d","a1_5","YE24",0,0,0,0,0,0
"af467213-8b31-424b43-b9b1bf-ef6071a3b4d2","a1_3","YE13",0,0,0,0,0,0
"1e8bc5a6-f71b-4d4841-9b9095-5870dc14fa29","a1_3","YE23",1,0,0,0,0,0
"e473d2b6-5c30-464442-a1aea3-7bac3042185d","a1_4","YE21",0,0,0,0,0,0
"e43ba7c8-047d-42474e-858e84-2c67b91def0a","a1_2","YE30",0,0,0,0,1,0
"7dc3920b-2ec9-4a4c42-bcb5b7-bfd40928613c","a1_2","YE17",0,0,0,0,0,0
"c829f53b-0ace-42494c-b6b2b8-ba025fed4681","a1_4","YE13",0,0,0,0,0,0
"6498dbec-c4f0-4b474e-b7beb8-56fda7083eb4","a1_3","YE12",0,0,0,0,0,0
"26bda81f-f5eb-494d41-80818b-a25df1473b0e","a1_3","YE23",0,1,0,0,0,1
"18c52ae6-d403-4c4947-a8a9a4-89ac4625b3d0","a1_1","YE18",0,0,0,0,0,0
"841a5fbe-c8d9-46454d-90989c-94c83d7bfa2e","a1_2","YE11",0,0,0,0,0,0
"d763aef8-5cfe-44494c-a8a7ac-1d38a2b5690e","a1_3","YE17",0,0,0,0,0,0
"6e1a843f-17bf-404149-b5bdb2-2e34c05ab98f","a1_1","YE18",0,0,0,0,0,0
"43290fde-db57-404546-beb6bb-07e8cb5f12a6","a1_3","YE29",0,0,0,0,0,0
"43f8b7e2-7f3c-414540-9b9d9a-c527a1de904f","a1_2","YE12",0,0,0,0,0,0
"a97d628c-894b-40444e-aca7af-329f17ec4da5","a1_1","YE12",0,0,0,0,0,0
"7b2a0684-6ad3-4c4445-aaa0a8-367e9df8c5b2","a1_2","YE20",1,0,0,0,0,0
"2085efda-e834-494c4f-98969a-312eacb07d6f","a1_1","YE29",0,0,0,0,0,0
"c2f61594-8fc6-42464e-aaabaf-de237485a1c0","a1_5","YE26",0,0,0,0,0,0
"36c0dae5-6975-464942-b3bebc-d1c82063fb9e","a1_2","YE14",0,0,0,0,0,1
"91a40e73-815a-444c4e-b6bdbe-fd620bc789a3","a1_3","YE20",1,0,0,0,1,0
"8e75c21f-8143-4a4640-a5aead-0412ebfa369d","a1_3","YE12",0,0,0,0,1,0
"8d0643cf-29ca-40464b-8a898b-5eb2fd806c79","a1_3","YE30",0,0,0,0,0,0
"9ca5348b-371b-4a4e46-abaca5-37bed6c84f5a","a1_1","YE13",0,0,0,0,0,0
"bc1e296d-8362-444f4c-a8aead-2754d38901ce","a1_3","YE18",0,0,0,0,0,0
"a3c7e651-398d-484349-88878d-0fb5d29a63e8","a1_1","YE24",0,0,0,0,0,0
"da9f0621-586d-4e474a-9a9f9c-ec6d73b1a952","a1_2","YE30",0,0,0,0,0,0
"6435a10d-79cb-444e4f-8a8387-d429c3506871","a1_2","YE16",0,0,0,0,0,0
"30eb89cf-6079-4f4846-b7b8b9-96ebc547f213","a1_2","YE19",1,0,0,0,0,0
"3cdb6e5f-9c80-4e4442-85838c-190f84cd2ab3","a1_5","YE14",0,0,0,0,0,0
"9172ad3e-179a-464a4d-b1b5b0-d6e5cb49f013","a1_2","YE27",0,0,0,1,0,0
"532bde0c-6c3f-414d4e-b0bbb6-c852bf9064de","a1_2","YE22",1,0,0,0,0,0
"0256a3f1-73c6-434149-89818a-79c4d06f3eba","a1_2","YE29",0,0,0,0,0,0
"54cf8609-9052-444d4f-b6b0b5-30ebc59281d4","a1_1","YE19",0,0,0,0,0,0
"807ac95b-8db4-4d4a4f-9a9d91-0ed8c2b7f193","a1_1","YE26",0,0,0,0,0,0
"13e46acb-75d0-414d4a-979198-14daf369c287","a1_1","YE12",0,0,0,0,0,0
"be39df62-3da1-4d4248-939a9c-4c531a7be029","a1_2","YE13",1,0,0,0,0,0
"637bac98-2943-4e404a-878b84-83d4bc75fe19","a1_4","YE12",0,0,0,0,1,0
"d65b70f1-fd96-4a4d41-bfb6b5-8f16ad0b7529","a1_1","YE19",0,0,0,0,0,0
"a3d75be6-9ca8-494140-b5bab2-f5bd7ca21406","a1_2","YE15",0,0,0,0,0,0
"cb93aed5-dc1b-464f4a-9a9194-8702a31d49ce","a1_1","YE11",0,0,0,0,0,0
"46d2fe3a-356a-444249-979b9e-053e791ad4f8","a1_3","YE15",1,0,0,0,0,0
"1e709df8-60bd-4b4347-8f8188-c2a846de5f31","a1_5","YE26",0,1,0,0,0,0
"b5967f20-1fa4-454f47-bbbdbe-2a80bc5f6713","a1_1","YE20",0,0,0,1,0,0
"c78d95bf-1b90-47444a-8b8885-51d2bf80743e","a1_4","YE20",0,0,0,0,0,0
"e12ca8f0-1506-484d43-828881-5e4692cf08d1","a1_1","YE21",0,0,0,0,0,0
"324d50e9-fd8e-444046-979f96-96b42c3a05f1","a1_2","YE28",0,1,0,0,0,0
"f7581d60-5694-45484e-8e8583-bf2630c4a179","a1_1","YE15",0,0,0,0,0,0
"41feb528-d765-46404d-a9aaae-f53b42879acd","a1_1","YE29",0,1,0,0,0,0
"283d1ef0-4915-464249-8c8087-740c91afde2b","a1_4","YE13",0,0,0,0,0,0
"760591c8-56c0-4f414a-818e80-ad1608eb254c","a1_4","YE11",0,0,0,0,0,0
"574e32fc-65ef-4d4743-b3bfbe-c61049be53f7","a1_4","YE23",0,0,0,0,0,0
"ef7d2609-a6de-464843-a4a0aa-fcd27e6438b9","a1_1","YE22",0,0,0,0,0,0
"f2ed4918-b58f-48424f-868389-fe13c74b8a6d","a1_1","YE17",1,0,0,0,0,0
"e0f39a6c-1bd0-404c43-b1b3ba-4a653ec21bd7","a1_2","YE32",0,0,0,0,0,0
"2c4a31ef-815a-464247-9c939e-df42cb68a375","a1_3","YE24",0,0,0,0,1,0
"1e984fd3-5249-454649-b5b9bf-542a81fb6de0","a1_3","YE26",0,1,0,0,0,0
"b42f90a6-70be-4e434f-9c949a-a03d26bf1897","a1_2","YE15",0,0,0,0,0,0
"1f7642b8-5ad0-474e4c-bbb8bf-d846aeb35c27","a1_5","YE22",0,0,0,0,0,0
"219ec84a-2189-434c49-81828b-063b8d2741e9","a1_1","YE14",0,1,0,0,0,0
"a83967b1-109b-454f4e-bbb6ba-e3a4271506d9","a1_4","YE30",0,0,0,0,0,0
"9f5d230e-69c3-424f40-bab9bd-e937d01b6c25","a1_3","YE29",0,0,0,0,1,0
"79ba1c24-73d2-414e43-92919c-14b62c0d9e75","a1_2","YE12",0,0,0,1,0,0
"b0a13df2-a1cb-424e4b-818684-e534d9b816c0","a1_1","YE16",1,0,0,0,0,0
"8bacf740-8b14-4b494e-b6b3b5-d964cb5780f2","a1_2","YE15",1,0,0,0,0,0
"93d604b7-1afe-404948-999796-db348c5762e9","a1_1","YE24",0,0,0,0,0,0
"9aec6842-9c5a-4d464a-8a8e83-9b0ad2f34658","a1_4","YE30",1,0,0,0,0,0
"028f791d-3204-4b4a4e-82888e-07e1cf293864","a1_2","YE11",0,0,0,0,0,0
"f76a5bec-2e65-494447-888c89-c2e157d6830a","a1_1","YE21",1,0,0,0,0,0
"924d5fca-0efb-40434c-aca0aa-b83f17ae0c5d","a1_4","YE21",0,0,0,0,0,0
"e0268f37-6db1-4a4d43-97939c-f617e3ba945d","a1_4","YE19",0,0,0,0,1,0
"da074e59-96e5-40444d-b8bfbd-d59103af86c7","a1_2","YE19",0,0,0,0,1,0
"d3178594-fdab-474346-a5aba0-4b25e3d6a01c","a1_1","YE32",0,0,0,0,0,0
"4eb085c2-4a89-4f444b-b2bebc-9c531d8b6207","a1_2","YE29",1,0,0,0,0,0
"e538dbf9-182f-4f4c4b-919f9c-6bdfac824509","a1_2","YE15",0,0,0,0,0,0
"8645f93e-2437-4e484c-aaa2a3-1056ca273e4b","a1_2","YE19",1,0,0,0,0,0
"c798e43f-ad50-4d4b41-8c898e-fa1ce985b374","a1_4","YE19",1,0,0,0,0,0
"47385629-db3f-464e48-9c959f-d4a8c2b65f73","a1_4","YE28",0,0,0,0,0,1
"1dae834b-a954-4e434c-868f84-b4da7658c190","a1_3","YE22",1,1,0,0,0,0
"c2ae9675-c5ad-44424c-b8b9bc-fe8365d1c7b9","a1_2","YE17",0,0,0,0,0,0
"752e4c31-4156-4c4841-8d8983-ed08bca6159f","a1_3","YE22",1,0,0,0,0,0
"72bfdc08-47cb-464742-a1aea2-493a176fc085","a1_3","YE18",0,0,0,0,0,0
"16bac3d4-68e4-464e48-808d84-3602fd8c7a94","a1_3","YE29",1,0,0,0,0,0
"479e85c3-3b25-474948-9c949f-063971bac5d4","a1_5","YE19",0,0,0,0,0,0
"2a0c4fe9-26fc-4d4b4a-919395-fe4b5d9703a6","a1_4","YE25",0,0,0,0,0,0
"1fa849d3-e724-494740-a9a4ae-acf42ed36089","a1_2","YE30",0,0,0,0,0,0
"8bd95f47-912e-404d49-b6b0ba-b42efc9536d8","a1_3","YE17",0,0,0,0,0,0
"b1c0e385-adc6-4f4a4d-bfbeb5-52ca78f9bd03","a1_4","YE26",1,0,0,0,0,0
"24e93086-bef6-434d41-b4beb1-bac24890e3df","a1_2","YE14",0,0,0,0,0,0
"75280def-562d-4a4142-898082-62c751d3809f","a1_4","YE13",0,0,0,0,0,0
"621f3db9-70e4-4f4541-878d89-cb71e9260d35","a1_4","YE21",0,0,0,0,0,0
"c425e0b6-35c7-4a4b46-a1a7a6-b4de975ac082","a1_3","YE19",0,0,0,0,0,0
"2ab3194c-3f91-43484e-aba0ad-42b9e653d1a8","a1_4","YE26",0,0,0,0,0,0
"db16872c-b0e6-4d454b-bfbab9-76d1084a3fbc","a1_4","YE18",0,0,0,0,0,0
"345bec2a-7645-4a4f4e-8e8382-035982dec6b4","a1_1","YE25",0,1,0,1,0,0
"b6ac1e5d-3281-41454c-a7ada1-c038abfe2d51","a1_5","YE13",0,0,0,0,0,0
"701bc54f-c3ed-474e4d-beb3bf-21d04c67ef3b","a1_3","YE27",0,0,0,0,0,0
"8e24dfac-ad42-4b4649-b3b0b8-846a573d201c","a1_3","YE20",0,0,0,0,0,0
"1d2ca548-ea7d-44484a-afa8ac-21d9c3e084af","a1_3","YE26",1,0,0,0,0,0
"6a3e7d54-b761-4d4b43-b2beb3-038b46dc9f2e","a1_4","YE23",1,0,0,0,0,0
"c01f6378-cd30-49444a-b7b0bb-b8cfae63d905","a1_3","YE29",0,0,0,0,0,0
"34581fe7-56c2-4e4c44-aeabaf-4cd8a03f1962","a1_5","YE22",0,0,0,0,0,0
"1d5f20ac-f2e3-474c44-9e9c9b-a61ef7528d93","a1_3","YE23",0,1,0,0,0,0
"2bd8715c-a6f3-414547-bbb8b7-5c7a1238dbf9","a1_1","YE28",0,1,0,0,0,0
"2a948360-71cd-464a41-9a9599-c50981e4f23b","a1_5","YE25",0,0,0,0,0,0
"367594bf-b9a7-464742-95919e-34a9b158e627","a1_4","YE30",0,0,0,0,0,0
"21bdaf04-1d34-4c4247-a5a9ae-709c8a23f465","a1_5","YE19",0,0,0,0,1,0
"cbd3f910-705f-4c494a-99949d-2c5af03e4186","a1_5","YE13",1,0,0,1,0,0
"83576eb9-2cf6-464a4b-a6afa2-fa6eb3945d2c","a1_4","YE24",0,0,0,0,0,0
"c1fbd04a-864b-4a4b43-a0a4ad-70c29f684bde","a1_2","YE30",1,0,0,0,0,0
"5e0da972-cd6e-4a4c4d-beb1bc-50d931fc42ea","a1_5","YE20",0,0,1,0,0,0
"89c5d341-fc70-4a424d-aca2a9-58ef2d0c7693","a1_4","YE18",0,0,0,0,0,0
"a3027e8f-fe4a-434b48-9b9196-c0815b3796da","a1_4","YE20",0,0,0,0,0,0
"9026d73a-194c-45494f-8b8982-5d4863ea0127","a1_4","YE12",0,0,0,0,0,0
"0b5f892e-63d5-484142-97989f-10c3d8a7492f","a1_1","YE29",1,0,0,0,0,0
"4f37ad8e-987e-474d4e-85888c-3d4ab9708612","a1_2","YE22",0,0,0,0,1,0
"e913b5c4-d68e-454c44-b3bfb0-f1e63dab5c28","a1_5","YE15",0,0,0,0,0,0
"a9d780f2-9a46-44464e-9d9b95-c62f1e8ba74d","a1_4","YE12",0,0,0,0,0,0
"f180c74d-89d2-434f4d-b6beb1-1ec46093f852","a1_1","YE32",0,0,0,0,0,0
"8e1ba265-8af4-454146-a1a6a8-072c516b4f8d","a1_3","YE22",0,0,0,0,0,0
"9cf47d31-34ed-4c464f-a8a5a1-31ba58dc0e79","a1_2","YE23",0,0,0,0,0,0
"d0c58726-5a12-4d4645-b1bdb9-e2a54b806f91","a1_2","YE30",0,1,0,0,0,1
"d56c240f-036e-434b42-999d97-a5f619e8bcd7","a1_4","YE26",0,0,0,0,0,0
"0bfe23d1-f06d-474d48-959d98-a934d68120c7","a1_5","YE20",0,0,0,0,0,0
"6832e4d7-0cf4-474944-888485-392fe76b1d40","a1_3","YE22",1,0,0,0,0,0
"1e598d2c-7be1-4f4243-959e92-8af96074135d","a1_3","YE28",0,0,0,0,0,0
"b409cad6-ab65-4c4742-a9a3a5-5129f86d30c7","a1_4","YE23",0,0,0,0,0,0
"7c1e6830-4039-40474f-b9b8b6-3c6f81740a2e","a1_4","YE23",0,0,0,0,0,1
"f89da3c1-3edf-48494d-9a9798-c7e3df268a01","a1_4","YE13",0,0,0,0,0,0
"dec2a097-b7a5-4f4d45-8f8981-ca89f02e47d6","a1_3","YE17",0,0,0,0,0,0
"7f6e3d52-d5ba-444947-b9b3bf-ae1279d0b63c","a1_1","YE29",0,0,0,0,0,0
"510cbd4f-c195-494f46-838186-c87a54fb196d","a1_4","YE21",1,0,0,0,0,0
"b7fa0d54-083b-4f4a48-a2a0a7-2759f3bd40ec","a1_3","YE28",0,0,0,0,0,0
"195fa64d-9d4f-4a4e49-b4bbba-7af4c8360de2","a1_4","YE26",1,0,0,0,0,0
"2d57301b-bed5-464f4c-bbbab9-7eacbd265304","a1_1","YE15",1,0,0,0,0,0
"39487165-0d51-414b48-b9bcbe-4fc270ae986b","a1_3","YE11",0,0,0,0,0,0
"07be5a13-a981-4d4a48-9c9498-4891b27f3acd","a1_5","YE25",0,0,0,0,0,0
"b1f396a2-43f9-4f4446-80848a-7eabf43cd526","a1_3","YE21",0,0,0,0,0,0
"ac301f54-ad53-4d4446-83848b-e0c9d5382b46","a1_2","YE28",0,0,0,0,0,0
"7e2ad1c5-a3c1-414c40-868c80-e34b6751af02","a1_2","YE11",0,0,0,0,0,0
"def2507b-23c7-4b4a40-aaaca9-be1a2fc367d8","a1_2","YE21",0,0,0,0,0,0
"50a7e82f-a1c7-464f4c-a2abae-c3807ea564f1","a1_1","YE25",0,0,0,0,0,0
"4a89d351-d7a8-424c45-a3a4aa-eb258ca7961f","a1_1","YE16",0,0,0,0,0,0
"6102fdac-c952-4b4342-bebab4-d94b76a3c5fe","a1_5","YE14",0,0,0,0,0,0
"e8302146-d360-4e4844-90979c-03829f1e7bcd","a1_3","YE32",0,0,0,0,0,0
"a85f2319-dce9-4e4b4a-919f9e-2e18b07fad34","a1_5","YE20",0,0,0,0,0,0
"13f5b48e-b0f1-494e43-bfbeb2-ac60d58b4ef2","a1_1","YE18",0,0,0,0,0,0
"6fa148d7-b643-4e444f-b2b6ba-a70386fd412e","a1_1","YE20",0,0,0,0,0,0
"7f13d02b-3a28-4d4144-919997-3a0d527f1c98","a1_4","YE19",1,0,0,0,0,0
"c3f76e52-491b-4e4d43-84888c-3a8f5279160b","a1_5","YE26",0,1,0,0,0,0
"e8fa624d-293a-444c43-929f90-052e8f93c176","a1_3","YE16",0,0,0,0,0,0
"ab2c5846-7c0a-484a4d-aca0aa-2d168ce7b903","a1_3","YE26",0,1,0,0,0,0
"2537498e-429d-48474b-b7bfb4-5ba6def9834c","a1_1","YE22",0,0,0,0,1,0
"6758ad43-f4dc-464748-b2b1b3-a53b82c9de74","a1_5","YE20",0,0,0,0,0,0
"fe9a5b7c-d91c-41434a-939297-c5fd1a423689","a1_2","YE20",1,0,0,0,0,0
"174089eb-253c-46484b-babeb6-f85970134d6b","a1_1","YE21",0,0,0,0,0,0
"a9ed4365-a926-474e49-8d8882-5964cf871ab0","a1_1","YE18",0,0,0,0,0,0
"0a4cef72-9cef-4c4544-919f90-f423abde6189","a1_5","YE24",0,0,0,0,0,0
"092156ca-4fb2-4d4a43-b4bab6-582fe69cb407","a1_3","YE25",0,0,0,1,0,0
"f38ca5e1-376a-42464b-828c8a-b870163ed9af","a1_1","YE16",0,0,0,0,0,0
"30dc4a6b-47de-4b4740-a1a0a4-0e796bc428f5","a1_2","YE23",0,0,0,0,0,0
"a7f25d0e-743f-404a42-a1a8a9-8b7e5416ad93","a1_2","YE22",0,0,0,0,0,0
"7eda43c1-d8e4-4b4e44-a9acaa-21def6078a4b","a1_2","YE14",1,0,0,0,0,0
"13d208bf-12bc-4d4f49-b8bbb6-da61354c08ef","a1_1","YE15",1,1,0,0,0,0
"d3476a1f-de42-4d4544-898482-f370c62aebd8","a1_4","YE13",0,0,0,0,0,0
"89f163ae-9c75-454348-868e84-0c51e93dfa72","a1_2","YE27",1,0,0,0,0,0
"9643fb27-b59a-404b47-88838c-83549162ab0e","a1_2","YE24",0,0,0,0,0,0
"1e8c42f5-a26f-4f424e-a1a6ae-0284fca5e719","a1_4","YE18",0,0,0,0,0,0
"0e5bf412-8367-4f4443-abaea8-ca849d71b3f0","a1_1","YE11",0,0,0,0,0,0
"a5cd9830-346c-424143-b8b9b3-5db463a7019f","a1_5","YE24",0,0,0,0,0,0
"e3f19b6d-0891-4f434b-818f85-9f1ed78520b3","a1_2","YE17",0,0,0,1,0,0
"0e45a932-930a-4a4342-a9a8ac-ba90d3f21748","a1_3","YE27",0,0,0,0,0,0
"94d6c3b7-94ac-4c4247-b3bfb1-1e623c08bf5a","a1_1","YE31",0,0,0,0,0,0
"f5ca08ed-ac79-4a4147-beb3b1-571498af236b","a1_3","YE16",0,0,0,0,0,0
"b971a238-39fe-4e4c4a-a0aba4-c76e50a3f814","a1_1","YE26",1,0,0,0,0,0
"b0986ef1-d90e-4f4b49-919d92-cd761f823540","a1_2","YE21",0,0,0,0,0,0
"24615809-db5f-484544-beb3b7-6278059de4c3","a1_1","YE30",0,0,0,0,0,0
"936a84ec-a416-4a4647-a0a5af-7d6bc8f45ae1","a1_3","YE15",0,0,0,0,0,0
"f1ae40cd-276f-414d42-a4a1a7-1792c460ad35","a1_1","YE28",0,0,0,0,0,0
"7890d5fa-fa90-404f4a-beb2bd-370c9851df2a","a1_4","YE21",0,0,0,0,0,0
"896b45ac-0182-4b4643-b9b3b2-28d5617a43f9","a1_1","YE31",0,0,0,0,1,0
"ba308726-9a58-414447-a3afa8-74e1fbc98a02","a1_5","YE20",0,0,0,0,0,0
"12e490fd-9f47-4a4046-a8a3a6-f04c5b8a3e79","a1_1","YE24",0,0,0,0,0,0
"4a7cd61b-c10e-47454b-85868f-1ed34b2879fc","a1_1","YE13",1,0,0,0,0,0
"392f7b1e-ae79-4f4c43-838e84-fe3074ca18b6","a1_2","YE17",1,1,0,0,0,0
"e6f0319a-783b-4e4740-b8b2b4-9acd42e6813f","a1_5","YE24",0,0,0,0,0,0
"af7b8239-204d-414c4b-8a888b-20cb6a874d13","a1_3","YE28",0,0,0,0,0,0
"05fd732b-830d-41434b-b2b1b3-f26a40b398dc","a1_1","YE17",0,0,0,0,0,0
"9521d7f6-63a9-414c45-b6b5b3-1534eb6c7f2d","a1_2","YE17",0,0,0,0,0,0
"da710c46-6431-4e454f-939e90-1e20437865df","a1_3","YE16",0,0,0,0,0,0
"f092b8c5-5432-434b4f-a0acaf-85241ac76bd3","a1_5","YE24",0,0,0,1,0,0
"4b8e0fa2-17b0-464947-8f8c86-21ae76cdb9f5","a1_5","YE14",0,0,0,0,0,0
"57c28f1e-3f6b-434f4c-84868e-6b3c24075efa","a1_3","YE32",0,0,0,0,1,0
"03e589ad-c6e8-454b47-91929d-379db286ae40","a1_2","YE18",0,0,0,0,0,0
"f974e8b5-2089-40474f-a3a9ae-b814d265f9ce","a1_4","YE19",0,0,0,0,0,0
"e3876915-483e-464e41-898b8f-8dace2037f5b","a1_1","YE29",1,0,0,0,0,0
"4dc98032-569a-404443-a8abad-92678fb53c4e","a1_1","YE12",0,0,0,0,0,0
"47eb0621-24ea-49444a-a2a5a4-e58bf24ca091","a1_3","YE12",0,0,0,0,0,0
"f853b069-a869-464248-b6beb7-2e79c38150bf","a1_3","YE25",1,0,0,0,0,0
"14b5aefc-d819-4e4746-828b8e-17f546832be9","a1_4","YE30",0,0,0,0,0,0
"76cad982-9c42-404544-a3a2a5-18f9bc56ae07","a1_2","YE32",0,0,0,0,0,0
"b917a5c3-bc6e-4c4a47-a5aaab-5764b09d2afc","a1_3","YE28",0,0,0,0,1,0
"4fa60389-2dc8-4b4847-8f8380-38b241fcad57","a1_5","YE26",0,0,0,0,0,0
"38b45d1e-a639-404a42-b1b8b6-5e316fc827b0","a1_1","YE32",0,0,0,0,0,0
"dc136b09-41f8-4c4146-b4bbbf-81ef3a9274d6","a1_2","YE24",1,0,0,0,0,0
"4c75ea93-4fd3-404f43-909992-91fb4e623a7c","a1_4","YE11",0,0,0,0,0,1
"654c0279-a8d3-4a464d-8e8c8f-2f6c9b5134ea","a1_1","YE17",0,0,0,0,0,0
"f1a20e36-21f3-4f464d-b0b6bc-9c738ef4b62a","a1_1","YE31",0,0,0,0,0,0
"a041982e-c867-424e4b-9d949b-1075c89a3df6","a1_1","YE24",0,0,0,0,0,0
"483e2bda-3159-494347-b0b7bf-e5a78c136d04","a1_3","YE16",0,0,0,0,0,0
"5e7bc631-9e18-4e4349-a6a4ab-84cbf29536ea","a1_1","YE23",0,0,0,0,0,0
"5b28a47e-8697-4d474b-bbb1b4-4abf190d85c3","a1_3","YE19",0,1,0,0,0,0
"6abd5207-7930-464740-929895-16587e32db9a","a1_2","YE32",0,0,0,0,0,0
"9edac867-8cef-474642-9c9a9f-b7e98f6c12ad","a1_4","YE19",0,0,0,0,0,0
"190df2e6-8275-464742-939e9b-45928061d3be","a1_4","YE28",0,0,0,0,0,0
"badc30e6-2916-474d44-96949c-3489e2c607fd","a1_4","YE11",0,0,0,0,0,0
"f407e825-935e-474142-bfbab7-93706e8ab5c4","a1_2","YE13",0,0,0,0,0,0
"74eb2580-894d-4d4244-9a9c90-dba19c0475e6","a1_3","YE27",0,0,0,0,0,0
"dec3ab57-8426-47414a-aca3a9-fc72ea195d63","a1_1","YE23",0,1,0,0,0,0
"1c20d7a4-924d-4e4c44-8c858e-3b978d6e14c2","a1_2","YE21",0,0,0,0,0,0
"42c83f50-3c6b-424b41-868f82-0c7d8f519ab2","a1_3","YE21",0,0,0,0,0,0
"3db94e50-63fe-40494e-8f8982-85eb1c93d207","a1_3","YE11",0,1,0,0,0,0
"8d2530c7-9b0d-4f4142-909794-5b2c709e1d63","a1_1","YE16",0,0,0,0,0,0
"35d69a8e-eb81-4b4940-8b838e-07ba9de2465f","a1_2","YE27",0,0,0,0,0,0
"6408da32-2463-434f49-868c85-b6c8edf2a397","a1_3","YE28",0,0,0,0,0,0
"7bd19842-1328-47404e-8f888c-9216ce73f80d","a1_3","YE17",0,0,0,0,0,0
"3b75941c-0b6a-454c42-999194-ea5c67210fd8","a1_3","YE22",0,0,0,0,0,0
"e6f4dc30-ebfa-4d454e-959099-2b6f1e943dc8","a1_1","YE21",0,0,0,0,0,0
"0fa24139-a5b6-4e4f42-898081-467ef8dc50ba","a1_4","YE11",0,0,0,0,0,0
"37842dfa-e46b-444349-b2b5bc-2870a46593ec","a1_3","YE32",0,0,0,0,0,0
"4e025dc6-e540-4a4f4b-b8b7b9-fbcd4a958602","a1_1","YE17",0,0,0,0,1,0
"76a2d940-136c-4f4e4b-b7b9b3-0f89eac5d621","a1_3","YE11",0,0,0,0,0,0
"6c15f079-d216-4d474c-99979a-3ea150d9f7c6","a1_2","YE25",0,0,0,0,0,0
"bd8e6350-7c0f-4b4d45-8c8481-4097df5e1c8b","a1_4","YE11",0,0,0,0,0,0
"063e4a89-1a8c-484d41-b9b5b0-6c2be7fad314","a1_4","YE30",0,0,0,0,0,0
"013ef685-27cd-4d4842-9d9497-6514badc7f89","a1_1","YE17",0,0,0,0,0,0
"26457bfe-986a-404344-b2babc-12f3aeb598c6","a1_1","YE19",0,0,0,0,0,0
"10fe72da-1abc-4e4146-bdbab8-c902fe3586bd","a1_2","YE27",1,0,0,0,0,0
"26de91a7-b628-424749-9f9c95-fd9c530e4b21","a1_3","YE23",0,0,0,1,0,0
"2adf5608-2c31-4c4a49-a0a1a5-cb7d03a928ef","a1_1","YE24",1,0,0,0,0,0
"5041fc97-b6f3-49474b-afaaa2-702cf1a8964e","a1_2","YE26",0,0,0,0,0,0
"c5a423e9-042f-4e424f-aba6a7-9bc0fa58de42","a1_3","YE27",0,0,0,0,0,0
"ab98154c-263b-4e474c-8b8288-3cb1564072d9","a1_3","YE14",0,0,0,0,0,0
"9deb23f0-78c9-444e40-beb6bf-5bc8f24d9016","a1_1","YE21",0,0,0,1,0,0
"51a8497b-1d3b-4c404d-a0a7a2-31e45f2bac07","a1_1","YE25",0,0,0,0,1,0
"d34ceb95-0928-4e454c-81878f-7983a5124ec0","a1_1","YE30",0,0,0,0,0,0
"152fa064-7d8e-484a4c-bbb3ba-645e0d892fa7","a1_3","YE22",0,0,0,0,1,0
"9ec83f5d-c58e-4b4a4c-8d8688-e4f6857c1b93","a1_3","YE32",0,0,0,0,0,0
"30751cb6-3cf5-4c4f47-b2bab0-fe68b0dc274a","a1_2","YE29",1,0,0,0,0,0
"30916ae8-f0c8-4d4c47-858683-9054ed61f3c7","a1_1","YE17",0,0,0,0,0,0
"389f6512-6392-4f4944-a3a9a2-86a7cbd320e4","a1_1","YE19",0,0,0,0,0,0
"9e53b1f8-c897-4a444c-87848a-f23486e9c071","a1_3","YE19",0,1,0,0,0,0
"b1d24c35-470f-494b4e-87868f-63bc8014afe2","a1_4","YE24",1,0,0,0,0,0
"4db26501-d9bf-474d49-b4b1b9-912fd870ba63","a1_1","YE12",0,0,0,0,0,0
"17d39b2f-b246-4c4643-bab3be-d65c913a2fb8","a1_3","YE14",0,0,0,0,0,0
"f28b37e4-a14d-424b46-888e8b-81cdaf6520e4","a1_3","YE26",0,0,0,0,0,0
"a712b86c-1a24-494c44-939f90-a34ed578961f","a1_1","YE12",0,0,0,0,0,0
"6952eb7d-d890-42464a-9e979d-294b6ec73a50","a1_4","YE26",1,0,0,0,0,0
"80962a5b-6b04-4b4f42-afa8ac-75916042aebd","a1_4","YE28",1,0,0,0,0,0
